{"ys":[40.7261855236006,40.728718772451984,40.731252021303376,40.73378527015476,40.73631851900615,40.73885176785753,40.741385016708925,40.74391826556031,40.746451514411696,40.74898476326309,40.751518012114474,40.75405126096586,40.756584509817245,40.75911775866864,40.76165100752002,40.76418425637141,40.7667175052228,40.769250754074186,40.77178400292557,40.774317251776964,40.77685050062835,40.779383749479734,40.78191699833112,40.78445024718251,40.7869834960339],"zs":[56.01,45.82,49.2,73.28,62.09,48.24,39.9,39.52,31.23,48.27,72.51,46.46,71.69,142.25,88.73,64.33,50.32,42.71,35.99,38.33,78.73,71.02,117.93,148.1,138.6,84.17,60.93,52.81,42.77,34.14,77.85,68.56,103.18,152.99,162.11,118.31,79.94,67.83,43.36,43.07,99.79,89.17,72.86,132.26,161.18,166.07,103.06,80.32,54.28,60.0,117.57,96.51,73.43,103.03,151.63,164.6,133.51,93.08,62.53,53.07,125.75,126.77,78.85,87.87,146.55,165.65,167.15,113.16,78.7,55.76,137.6,143.25,103.55,70.49,127.97,167.49,162.05,137.2,95.36,72.03,140.69,156.67,125.9,94.53,97.59,152.2,156.5,154.73,119.62,93.35,135.09,153.43,152.6,97.54,76.8,100.61,141.64,158.13,167.84,111.53,127.92,148.8,145.61,114.55,97.74,90.19,133.99,157.0,171.34,127.88,119.72,123.58,150.61,131.37,102.69,94.82,138.17,163.32,166.18,149.24,116.64,119.78,144.7,166.87,125.9,91.35,130.94,167.09,164.05,173.62,124.61,122.08,135.78,150.83,167.76,102.32,100.49,163.59,169.11,176.53,124.01,125.0,128.9,143.23,168.84,121.87,100.38,146.56,174.15,174.73,113.78,127.41,135.27,141.48,171.66,115.03,100.38,113.32,167.67,169.37,97.69,138.9,145.96,155.3,152.73,137.31,101.97,109.11,151.52,168.16,87.44,116.52,125.04,129.29,143.7,158.76,109.21,103.75,132.84,144.1,78.74,99.21,120.88,134.14,149.96,179.42,138.55,102.58,130.71,161.42,76.05,88.52,111.45,148.02,161.62,163.57,168.94,106.07,114.02,156.51,78.24,88.49,94.03,130.28,132.13,140.29,157.89,129.82,109.1,151.28,84.15,84.57,94.53,109.79,129.09,156.48,178.51,146.21,105.88,128.13,82.74,86.43,97.58,117.89,124.27,142.31,169.62,160.09,116.68,115.01,85.03,87.98,97.74,127.45,130.16,128.27,148.52,163.8,141.02,110.09,87.34,92.77,93.79,124.02,142.2,153.91,144.66,176.56,139.11,112.54],"xs":[-74.3129825592041,-74.30845260620117,-74.30392265319824,-74.2993927001953,-74.29486274719237,-74.29033279418944,-74.28580284118651,-74.28127288818357,-74.27674293518064,-74.2722129821777]}